Model,Accuracy
Random Forest,0.6124751161247511
Gradient Boosting,0.6211015262110152
SVM,0.6323822163238222
Logistic Regression,0.6277372262773723
KNN,0.5335102853351028
Naive Bayes,0.6058394160583942
FCNN,0.5640345056403451
RNN,0.508958195089582
LSTM,0.508958195089582
Transformer,0.6343729263437292
