Model,Accuracy
Random Forest,0.5864709636247607
Gradient Boosting,0.603063178047224
SVM,0.597319719208679
Logistic Regression,0.580089342693044
KNN,0.5335035098915124
Naive Bayes,0.5666879387364391
Decision Tree,0.5398851308232291
FCNN,0.5775366943203574
Transformer,0.5813656668793874
