Model,Accuracy
Random Forest,0.6005105296745373
Gradient Boosting,0.6043395022335674
SVM,0.5998723675813656
Logistic Regression,0.5998723675813656
KNN,0.5341416719846841
Naive Bayes,0.5666879387364391
Decision Tree,0.5328653477983408
FCNN,0.5883854499042757
Transformer,0.5775366943203574
