Model,Accuracy
Random Forest,0.6171027440970006
Gradient Boosting,0.6375239310784939
SVM,0.6164645820038289
Logistic Regression,0.6222080408423739
KNN,0.5258455647734525
Naive Bayes,0.5775366943203574
Decision Tree,0.5271218889597958
FNN,0.618379068283344
Transformer,0.599234205488194
