Model,Accuracy
Random Forest,0.6124751161247511
Gradient Boosting,0.6211015262110152
SVM,0.6323822163238222
Logistic Regression,0.6277372262773723
KNN,0.5335102853351028
Naive Bayes,0.6058394160583942
FCNN,0.6005308560053085
RNN,0.555408095554081
LSTM,0.5335102853351028
Transformer,0.6250829462508295
