Model,Accuracy
Random Forest,0.6107211231652839
Gradient Boosting,0.624122527121889
SVM,0.608806636885769
Logistic Regression,0.6119974473516273
KNN,0.547543075941289
Naive Bayes,0.5105296745373324
Decision Tree,0.5379706445437141
FCNN,0.6158264199106573
Transformer,0.6279514996809189
