Model,Accuracy
Random Forest,0.6066790352504638
Gradient Boosting,0.6128633271490415
SVM,0.5992578849721707
Logistic Regression,0.603586889301175
KNN,0.54421768707483
Naive Bayes,0.5924551638837353
Decision Tree,0.5602968460111317
FNN,0.6072974644403216
Transformer,0.6159554730983302
