Model,Accuracy
Random Forest,0.6110381077529566
Gradient Boosting,0.6195795006570303
SVM,0.6130091984231275
Logistic Regression,0.5972404730617609
KNN,0.533508541392904
Naive Bayes,0.5164257555847569
FCNN,0.6149802890932983
RNN,0.6005256241787122
LSTM,0.602496714848883
Transformer,0.6038107752956636
