Model,Accuracy
Random Forest,0.6124590163934426
Gradient Boosting,0.6268852459016393
SVM,0.6137704918032787
Logistic Regression,0.600655737704918
KNN,0.5495081967213115
Naive Bayes,0.519344262295082
FCNN,0.5967213114754099
RNN,0.6052459016393442
LSTM,0.6019672131147541
Transformer,0.6052459016393442
