Model,Accuracy
Random Forest,0.5992605792946707
Gradient Boosting,0.6045652707292192
SVM,0.5997430235411099
Logistic Regression,0.5968492619997676
KNN,0.5344844329084829
Naive Bayes,0.5256400521700952
FCNN,0.6036001239685429
Transformer,0.60810108601609
