Model,Accuracy
Random Forest,0.5998723675813656
Gradient Boosting,0.6119974473516273
SVM,0.6037013401403957
Logistic Regression,0.5928525845564774
KNN,0.5315890236119974
Naive Bayes,0.5711550733886407
Decision Tree,0.5526483726866624
FNN,0.608806636885769
Transformer,0.6024250159540523
