Model,Accuracy
Random Forest,0.6125232486050837
Gradient Boosting,0.6075635461872287
SVM,0.5883446993180409
Logistic Regression,0.5864848109113453
KNN,0.5251084934903906
Naive Bayes,0.5201487910725356
Decision Tree,0.5269683818970862
FNN,0.5951642901425914
Transformer,0.6026038437693738
