Model,Accuracy
Random Forest,0.5537459283387622
Gradient Boosting,0.5557003257328991
SVM,0.5615635179153095
Logistic Regression,0.5674267100977198
KNN,0.5263843648208469
Naive Bayes,0.5211726384364821
FCNN,0.5224755700325733
RNN,0.5557003257328991
LSTM,0.5263843648208469
Transformer,0.5003257328990228
