Model,Accuracy
Random Forest,0.6015676028739386
Gradient Boosting,0.6146309601567603
SVM,0.6048334421946441
Logistic Regression,0.5976485956890921
KNN,0.5297191378184193
Naive Bayes,0.5173089483997387
FCNN,0.5917700849118224
RNN,0.5989549314173742
LSTM,0.5858915741345526
Transformer,0.6054866100587851
