Model,Accuracy
Random Forest,0.6190789473684211
Gradient Boosting,0.6348684210526315
SVM,0.6177631578947368
Logistic Regression,0.6078947368421053
KNN,0.5388157894736842
Naive Bayes,0.5184210526315789
FCNN,0.6256578947368421
RNN,0.5953947368421053
LSTM,0.6072368421052632
Transformer,0.6171052631578947
