Model,Accuracy
Random Forest,0.6096922069417158
Gradient Boosting,0.6070726915520629
SVM,0.6005239030779306
Logistic Regression,0.5939751146037983
KNN,0.5350360183366077
Naive Bayes,0.5166994106090373
FCNN,0.6031434184675835
RNN,0.5946299934512115
LSTM,0.5920104780615586
Transformer,0.6070726915520629
