Model,Accuracy
Random Forest,0.5922144224633057
Gradient Boosting,0.603063178047224
SVM,0.5966815571155073
Logistic Regression,0.580089342693044
KNN,0.5335035098915124
Naive Bayes,0.5156349712827059
Decision Tree,0.5347798340778558
FCNN,0.583918315252074
Transformer,0.5928525845564774
