Model,Accuracy
Random Forest,0.6033269353806782
Gradient Boosting,0.6250799744081894
SVM,0.6116442738323736
Logistic Regression,0.5969289827255279
KNN,0.5399872040946897
Naive Bayes,0.5137555982085733
Decision Tree,0.5412667946257198
FCNN,0.6129238643634037
Transformer,0.6167626359564939
