Model,Accuracy
Random Forest,0.6006600660066007
Gradient Boosting,0.6178217821782178
SVM,0.5933993399339934
Logistic Regression,0.5966996699669967
KNN,0.5518151815181518
Naive Bayes,0.5564356435643565
FCNN,0.5834983498349835
RNN,0.5867986798679868
LSTM,0.5089108910891089
Transformer,0.5887788778877888
