Model,Accuracy
Random Forest,0.6024250159540523
Gradient Boosting,0.6100829610721124
SVM,0.6005105296745373
Logistic Regression,0.591576260370134
KNN,0.5379706445437141
Naive Bayes,0.5634971282705807
Decision Tree,0.5603063178047224
FCNN,0.599234205488194
Transformer,0.5845564773452457
