Model,Accuracy
Random Forest,0.6253869969040248
Gradient Boosting,0.6408668730650154
SVM,0.6130030959752322
Logistic Regression,0.6037151702786377
KNN,0.5269349845201239
Naive Bayes,0.5944272445820433
Decision Tree,0.5479876160990712
FNN,0.6160990712074303
Transformer,0.6160990712074303
