Model,Accuracy
Random Forest,0.6232242124768376
Gradient Boosting,0.6318715256331069
SVM,0.612106238418777
Logistic Regression,0.6003705991352687
KNN,0.5379864113650401
Naive Bayes,0.5843113032736257
Decision Tree,0.525633106856084
FNN,0.6053119209388511
Transformer,0.612106238418777
