Model,Accuracy
Random Forest,0.6107211231652839
Gradient Boosting,0.6132737715379707
SVM,0.6094447989789407
Logistic Regression,0.5922144224633057
KNN,0.5315890236119974
Naive Bayes,0.5788130185067007
Decision Tree,0.5207402680280792
FNN,0.6158264199106573
Transformer,0.6094447989789407
