Model,Accuracy
Random Forest,0.5993399339933994
Gradient Boosting,0.6178217821782178
SVM,0.5933993399339934
Logistic Regression,0.5966996699669967
KNN,0.5518151815181518
Naive Bayes,0.5564356435643565
FCNN,0.5841584158415841
RNN,0.5874587458745875
LSTM,0.5089108910891089
Transformer,0.5914191419141914
