Model,Accuracy
Random Forest,0.6059405940594059
Gradient Boosting,0.5947194719471948
SVM,0.4910891089108911
Logistic Regression,0.5927392739273928
KNN,0.5603960396039604
Naive Bayes,0.5564356435643565
FCNN,0.5947194719471948
RNN,0.5986798679867987
LSTM,0.5089108910891089
Transformer,0.6066006600660065
