Model,Accuracy
Random Forest,0.6056158264199106
Gradient Boosting,0.6151882578174857
SVM,0.6119974473516273
Logistic Regression,0.601148691767709
KNN,0.5156349712827059
Naive Bayes,0.5124441608168475
Decision Tree,0.5405232929164008
FCNN,0.6100829610721124
Transformer,0.5960433950223357
