Model,Accuracy
Random Forest,0.589661774090619
Gradient Boosting,0.5902999361837907
SVM,0.5966815571155073
Logistic Regression,0.576260370134014
KNN,0.5232929164007658
Naive Bayes,0.5194639438417358
Decision Tree,0.5469049138481175
FCNN,0.5813656668793874
Transformer,0.591576260370134
