Model,Accuracy
Random Forest,0.6067193675889329
Gradient Boosting,0.6073781291172595
SVM,0.4914361001317523
Logistic Regression,0.5942028985507246
KNN,0.5303030303030303
Naive Bayes,0.5125164690382081
FCNN,0.5988142292490118
RNN,0.5889328063241107
LSTM,0.5085638998682477
Transformer,0.5948616600790514
