Model,Accuracy
Random Forest,0.6173218673218673
Gradient Boosting,0.6253071253071253
SVM,0.60995085995086
Logistic Regression,0.6044226044226044
KNN,0.5282555282555282
Naive Bayes,0.5724815724815725
Decision Tree,0.5208845208845209
FNN,0.5988943488943489
Transformer,0.6062653562653563
