Model,Accuracy
Random Forest,0.595405232929164
Gradient Boosting,0.606892150606254
SVM,0.601148691767709
Logistic Regression,0.5979578813018507
KNN,0.5366943203573707
Naive Bayes,0.5577536694320357
Decision Tree,0.5296745373324825
FNN,0.5871091257179324
Transformer,0.6049776643267389
