Model,Accuracy
Random Forest,0.6172307692307692
Gradient Boosting,0.6295384615384615
SVM,0.616
Logistic Regression,0.6135384615384616
KNN,0.5464615384615384
Naive Bayes,0.5803076923076923
Decision Tree,0.5403076923076923
FNN,0.6147692307692307
Transformer,0.6178461538461538
