Model,Accuracy
Random Forest,0.5976973602188991
Gradient Boosting,0.6066083110781566
SVM,0.5915440390028806
Logistic Regression,0.5942961567989291
KNN,0.5256051548894678
Naive Bayes,0.5257555495770969
FCNN,0.5925111057159168
RNN,0.5861945288354911
LSTM,0.5845731271202568
Transformer,0.5968869874474242
