Model,Accuracy
Random Forest,0.6197916666666666
Gradient Boosting,0.626953125
SVM,0.6165364583333334
Logistic Regression,0.611328125
KNN,0.53125
Naive Bayes,0.5169270833333334
FCNN,0.6015625
RNN,0.6139322916666666
LSTM,0.615234375
Transformer,0.6100260416666666
