Model,Accuracy
Random Forest,0.5845564773452457
Gradient Boosting,0.6037013401403957
SVM,0.599234205488194
Logistic Regression,0.5941289087428206
KNN,0.5328653477983408
Naive Bayes,0.5539246968730057
Decision Tree,0.5264837268666241
FNN,0.6056158264199106
Transformer,0.583918315252074
