Model,Accuracy
Random Forest,0.608806636885769
Gradient Boosting,0.6094447989789407
SVM,0.612635609444799
Logistic Regression,0.6005105296745373
KNN,0.5271218889597958
Naive Bayes,0.5054243777919591
Decision Tree,0.547543075941289
FCNN,0.6056158264199106
Transformer,0.606892150606254
