Model,Accuracy
Random Forest,0.6177409061901723
Gradient Boosting,0.6215698787492023
SVM,0.6151882578174857
Logistic Regression,0.6049776643267389
KNN,0.5405232929164008
Naive Bayes,0.5111678366305041
Decision Tree,0.5609444798978941
FNN,0.6260370134014039
Transformer,0.6273133375877473
