Model,Accuracy
Random Forest,0.6085080147965475
Gradient Boosting,0.6189889025893958
SVM,0.5986436498150431
Logistic Regression,0.6091245376078915
KNN,0.533292231812577
Naive Bayes,0.5672009864364982
Decision Tree,0.5462392108508015
FNN,0.6060419235511714
Transformer,0.6122071516646116
