Model,Accuracy
Random Forest,0.6171027440970006
Gradient Boosting,0.6407147415443523
SVM,0.6119974473516273
Logistic Regression,0.6075303126994257
KNN,0.5252074026802808
Naive Bayes,0.568602425015954
Decision Tree,0.5449904275686024
FNN,0.6222080408423739
Transformer,0.635609444798979
