Model,Accuracy
Random Forest,0.6043861610043928
Gradient Boosting,0.6158304956980583
SVM,0.6021267968079853
Logistic Regression,0.5989013802604559
KNN,0.5350593953887344
Naive Bayes,0.511205713394505
FCNN,0.5966511138259988
Transformer,0.6000349613994957
